crop_number,crop_name_fr,crop_latin,No d'ordre,Dénomination,Nature Génétique,Nature génétique,Obtenteur/ Pays,Obtenteur / Pays,Obtenteur/ pays,Date d'inscription,Mainteneur,Aptitude au tallage,Aptitude à la conservation,Arôme du grain,Autres caractéristiques,"Autres caractéristiques (insectes, striga, maladies)",Autres carasteristiques,Couleur de la chair,Couleur de la peau,Couleur de la peau du tubercule,Couleur de la tunique du bulbe à maturité,Couleur des grains,Couleur du fruit à maturité,Couleur du grain,Couleur fibre,Couleur principale du tégument du grain,Cycle plantation (jours),Cycle plantation- maturité (jours),Cycle plantation- maturité (mois),Cycle semis - maturité (50%) (Jr),Cycle semis- maturité 1ère récolte (jours),Cycle semis- maturité à 50% (jours),Cycle semis- maturité à 95% (jours),Cycle semis- maturité à 95% des plants (jours),Cycle sémi- maturité 50% /jour,Date d'inscript ion,Densité de la panicule,Dormance des grains,Durée de conservation,Délai de brunissement de la chair après grattage,Elongation de la fibre,Epoque dehiscence première capsules(j),Espèce,Fermeté du fruit,Forme de la panicule (position de la partie la plus large),Forme de la racine turbéreuse,Forme du tubercule,Forme du turbercule en section longitudinale,Hauteur de la plante (cm),Hauteur de plant (cm),Hauteur de plante (cm),Hauteur de plante en cm,Hauteur de plants (cm),Hauteur des plants,Hauteur des plants (cm),Index de gluten,Indice micronaire,Isohyete (mm),Isohyète,Isohyète (mm),Longueur de l'épi,Longueur de la chandelle (cm),Longueur du tubercule,Longueur fibre,Nature génétiqe,Obtenteur /pays,Obtenteur/Pa ys,Photosensibilité,Poids de 100 Graines (g),Poids de 100 graines (g),Poids de 100 grains (PCG) à 15%,Poids de 100 grains (g),Poids de 1000 graines (g),Poids de 1000 grains (g),Poids des bulbes et bulbilles,Poids moyenne du fruit (g),Port de plante,Port des plants,Pourcentage de gros calibre,Reflectance,Rendeme nt potentiel (t/ha),Rendement en fanes (t/ha),Rendement en grains (t/ha),Rendement grains (t/ha),Rendement mesuré (T/Ha),Rendement mesuré (T/ha),Rendement mesuré (t/ha),Rendement potentiel (t/ha),Rendement potentiel en fanes (t/ha),Rendement égrenage (%),Résistance au striga,Résistance aux bioagresseurs,Résistance aux maladies,Résistance aux nuisibles,Résistance aux virose,Résistance à la sécheresse,Résistance à la verse,Sensibilité à la photopériode,Taille du bulbille,Taille du fruit,Tenacité de la fibre,Tendance à la montaison,Teneur en acide cyanhydrique,Teneur en huile (%),Teneur en proteine,Teneur en protéines (%),Tolérance à la sécheresse,Type de blé (dur ou tendre),Type de croissance,Type de crosissance,Type de plant,Vocation culturale,Vocation d'utilisation,Vocation d’utilisation,aptitude à la conservation,autres caractéristiques,couleur de grain (dos),couleur de la Peau,cycle semi- maturité,hauteur de la plante (cm),indice du jaune,isohyète,isohyète (mm),longueur de l'Épi,longueur du grain,rendement mesuré (T/Ha),résistance aux nuisibles,résistance à la sécheresse,tolérance à la secheresse,type de grain,vocation culturale
1,ARACHIDE,Arachis hypgoaea L.,1,FASODEME TIGA,ligne pure,,IER/Mali,,,2022,IER/Icrisat,,,,,,,,,,,,,,,rose brunâtre,,,,,,,,90,,,,courte,,,,,,,,,,,,,,,,,,,,,,400 - 1200,,,,,,,,,,,,60,,,,,dressé,,,,,3.32,,2.3,,,,,,,,,,résistant,,bonne,,,,,,,,60.3,,,,,,,,,huilerie,,,,,,,,,,,,,,,,,,
1,ARACHIDE,Arachis hypgoaea L.,2,LAWILI TIGA (ICGV 176343),ligne pure,,IER/Mali,,,2022,IER/Icrisat,,,,,,,,,,,,,,,rose brunâtre,,,,,,,,90,,,,courte,,,,,,,,,,,,,,,,,,,,,,400 - 1200,,,,,,,,,,,,50,,,,,demi-dressé,,,,,3.47,,2.54,,,,,,,,,,résistant,,bonne,,,,,,,,65.28,,,,,,,,,huilerie,,,,,,,,,,,,,,,,,,
1,ARACHIDE,Arachis hypgoaea L.,3,SOROTIAMA TIGA (ICGV 176172),ligne pure,,IER/Mali,,,2022,IER/Icrisat,,,,,,,,,,,,,,,rose brunâtre,,,,,,,,90,,,,courte,,,,,,,,,,,,,,,,,,,,,,400 - 1200,,,,,,,,,,,,60,,,,,dressé,,,,,2.97,,2.27,,,,,,,,,,résistant,,bonne,,,,,,,,57.73,,,,,,,,,huilerie,,,,,,,,,,,,,,,,,,
1,ARACHIDE,Arachis hypgoaea L.,4,TIESIRI TIGA (ICGV 176062),ligne pure,,IER/Mali,,,2022,IER/Icrisat,,,,,,,,,,,,,,,rose brunâtre,,,,,,,,90,,,,courte,,,,,,,,,,,,,,,,,,,,,,400 - 1200,,,,,,,,,,,,70,,,,,dressé,,,,,2.84,,2.32,,,,,,,,,,résistant,,bonne,,,,,,,,51.29,,,,,,,,,huilerie,,,,,,,,,,,,,,,,,,
2,BLÉ,Triticum aestivum L. emend. Fiori et Paol.,1,LACRI WHIT- 13D,Lignée,,,ICARDA & LCRI Nigeria,,2022,LCRI Nigeria,Medium (8-12),,,Sensible à sécheresse,,,,,,,,,,,,,,,97,,,,,,,,,,,,,,,,,,,,,,,,Moyenne (75.7 cm),,71.3,,,600-800,,Courte,,,,,,,Insensitive,,,,,,61.1,,,,,,,,,,,5.6,,,,,,,Sensible,,,,,,,,,,,,,,16.2,,Durum wheat,,,,,,,,,,,,,,,,,,,,,,,
2,BLÉ,Triticum aestivum L. emend. Fiori et Paol.,2,LACRIWHIT-12D,Lignée,,,ICARDA & LCRI Nigeria,,2022,LCRI Nigeria,Medium (10-12),,,Sensible à sécheresse,,,,,,,,,,,,,,,95,,,,,,,,,,,,,,,,,,,,,,,,Moyenne (75.7 cm),,37.8,,,600-800,,Longue,,,,,,,Insensitive,,,,,,25,,,,,,,,,,,6.2,,,,,,,Sensible,,,,,,,,,,,,,,13.50,,Durum wheat,,,,,,,,,,,,,,,,,,,,,,,
2,BLÉ,Triticum aestivum L. emend. Fiori et Paol.,3,ALIOUNE,Lignée,,,ISRA/SEN,,2022,ISRA/SEN,Non,,,Resistant à la verse,,,,,,,,,,,,,,,90,,,,,,,,,,,,,,,,,,,,,,,,Moyenne,,92,,,NA,,Court,,,,,,,insensible,,,,,,36,,,,,,,,,,,4.5,,,,,,,Résistant,,,,,,,,,,,,,,13,,tendre,,,,,,,,,,,,,,,,,,,,,,,
2,BLÉ,Triticum aestivum L. emend. Fiori et Paol.,4,AMINA,Lignée,,,ISRA/SEN,,2022,ISRA/SEN,Non,,,Resistant à la verse et à la toxicité du sol,,,,,,,,,,,,,,,90,,,,,,,,,,,,,,,,,,,,,,,,Longue,,5,,,NA,,courte,,,,,,,insensible,,,,,,35,,,,,,,,,,,4,,,,,,,Résistant,,,,,,,,,,,,,,13,,dur,,,,,,,,,,,,,,,,,,,,,,,
2,BLÉ,Triticum aestivum L. emend. Fiori et Paol.,5,DIOUFISSA,Lignée,,,ISRA/SEN,,2022,ISRA/SEN,Non,,,Resistant à la verse,,,,,,,,,,,,,,,85,,,,,,,,,,,,,,,,,,,,,,,,Moyenne,,9,,,NA,,Longue,,,,,,,insensible,,,,,,36,,,,,,,,,,,4.5,,,,,,,Résistant,,,,,,,,,,,,,,13,,dur,,,,,,,,,,,,,,,,,,,,,,,
2,BLÉ,Triticum aestivum L. emend. Fiori et Paol.,6,Diré 15,Lignée,,,ISRA/SEN,,2022,ISRA/SEN,Non,,,sensible à la verse,,,,,,,,,,,,,,,85,,,,,,,,,,,,,,,,,,,,,,,,Longue,,76,,,NA,,Longue,,,,,,,insensible,,,,,,27,,,,,,,,,,,4,,,,,,,Résistant,,,,,,,,,,,,,,13.8,,tendre,,,,,,,,,,,,,,,,,,,,,,,
2,BLÉ,Triticum aestivum L. emend. Fiori et Paol.,7,Fanaye,Lignée,,,ISRA/SEN,,2022,ISRA/SEN,Non,,,sensible à la verse,,,,,,,,,,,,,,,95,,,,,,,,,,,,,,,,,,,,,,,,Courte (3),,48,,,NA,,Longue,,,,,,,insensible,,,,,,35,,,,,,,,,,,4,,,,,,,Résistant,,,,,,,,,,,,,,15,,dur,,,,,,,,,,,,,,,,,,,,,,,
2,BLÉ,Triticum aestivum L. emend. Fiori et Paol.,8,HABY,Lignée,,,ISRA/SEN,,2022,ISRA/SEN,Non,,,Resistant à la verse,,,,,,,,,,,,,,,90,,,,,,,,,,,,,,,,,,,,,,,,Moyenne,,39,,,NA,,Moyenne,,,,,,,insensible,,,,,,39,,,,,,,,,,,5.5,,,,,,,Résistant,,,,,,,,,,,,,,14,,dur,,,,,,,,,,,,,,,,,,,,,,,
2,BLÉ,Triticum aestivum L. emend. Fiori et Paol.,9,HAMAT,Lignée,,,ISRA/SEN,,2022,ISRA/SEN,Non,,,Resistant à la verse,,,,,,,,,,,,,,,85,,,,,,,,,,,,,,,,,,,,,,,,Courte (3),,95,,,NA,,Longue,,,,,,,insensible,,,,,,29,,,,,,,,,,,4.5,,,,,,,Résistant,,,,,,,,,,,,,,12,,tendre,,,,,,,,,,,,,,,,,,,,,,,
2,BLÉ,Triticum aestivum L. emend. Fiori et Paol.,10,PENDAO,Lignée,,,ISRA/SEN,,2022,ISRA/SEN,Non,,,Resistant à la verse,,,,,,,,,,,,,,,90,,,,,,,,,,,,,,,,,,,,,,,,Moyenne,,83,,,NA,,Très courte,,,,,,,insensible,,,,,,31,,,,,,,,,,,4,,,,,,,Résistant,,,,,,,,,,,,,,13,,tendre,,,,,,,,,,,,,,,,,,,,,,,
3,COTONNIER,Gossypium L.,1,STAM129,Lignée,,ITRA/TGO,,,2022,ITRA/TGO,,,,,,,,,,,,,,blanc,,,,,,,,,,,,,,,,ND,98,,,,,,,,170,,,,,,,12,,,700 - 900,,,,32,,,,,,,,,,,,,,,,12,,,,,1.9,,,,,68,,,,,,,,,,,ND,,,,,,,,,,,,,,,,,,,,21,,,,,,,,,,
4,GOMBO,Abelmoschus esculentus (L.,1,DJITABA,ligne pure,,,,,2022,IER/WORD VEGETABL E CENTER,,,,bonne,,,,,,,,,,,,,,,,,,,,,,,,,,,,,,,,,,,,,,,,,,,,,,,,,,,IER/Mali,,,,,,,,,,,,,,,,,,,,,,,,,,,,,,,,,,,,,,,,,,,,,,,,,bonne,,,vert,55,courte (37),,400 - 1200,,,,20,tolérant,,tolérant,,
5,IGNAME,Dioscorea alata L.,1,UMUDr 32 (favourite),,hybride clonal,IITA & NRCRI,,,2022,NRCRI,,moyenne,,"High dry matter, tuber and flour yields",,,blanche,,,,,,,,,,,250 days,,,,,,,,,,,slow,,,,,,,,arrondie,,,,,,,,,,,,900 - 1100,,,moyenne,,,,,,,,,,,,,,,,,,,,,,,,32.7,,,,,,,très sensible,,moderate,,,,,,,,,,,,,,,,,,,,,,,,,,,,,,,,,,,
6,MAIS,Zea mays L.,1,DK7500,,hybrid,,,BAYER BAYER NIGERIA LTD,2022,BAYER BAYER NIGERIA LTD,,,,,,,,,,,,,,,,,,,,,,,,120,,,,,,,,,,,,,,,,,180,,,,,,,,,,,,,,,,,,,12,,,,,,,,,,,,,,,10,,,,,,,,,,,,,,,,,,,8.75,,,,,,,,,,,sensible aux ravageurs,jaune [3],,,,,,900 - 1100,moyen [5],,,,tolerant,,corné-denté à denté [4],Pluvial
6,MAIS,Zea mays L.,2,HAKIMI 1,,hybrid,,,IITA & Goldagric Nig. Ltd,2022,Goldagric Nig. Ltd Goldagric Nig. Ltd,,,,,,,,,,,,,,,,,,,,,,,,120,,,,,,,,,,,,,,,,,199,,,,,,,,,,,,,,,,,,,17,,,,,,,,,,,,,,,7.4,,,,,,,,,,,,,,,,,,,10.5,,,,,,,,,,,sensible aux ravageurs,orange [5],,,,,,900 - 1100,moyen [5],,,,tolerant,,corné [1],Pluvial
6,MAIS,Zea mays L.,3,HAKIMI 2,,hybrid,,,IITA & Goldagric Nig. Ltd,2022,Goldagric Nig. Ltd Goldagric Nig. Ltd,,,,,,,,,,,,,,,,,,,,,,,,120,,,,,,,,,,,,,,,,,194,,,,,,,,,,,,,,,,,,,16,,,,,,,,,,,,,,,8.1,,,,,,,,,,,,,,,,,,,8.75,,,,,,,,,,,sensible aux ravageurs,blanc [1],,,,,,900 - 1100,moyen [5],,,,tolerant,,corné [1],Pluvial
6,MAIS,Zea mays L.,4,HAKIMI 3,,hybrid,,,IITA & Goldagric Nig. Ltd,2022,Goldagric Nig. Ltd Goldagric Nig. Ltd,,,,,,,,,,,,,,,,,,,,,,,,95,,,,,,,,,,,,,,,,,180,,,,,,,,,,,,,,,,,,,18,,,,,,,,,,,,,,,7.1,,,,,,,,,,,,,,,,,,,14,,,,,,,,,,,"1. sensible aux ravageurs, 2. besoin en eau moyen",blanc [1],,,,,,900 - 1100,court [3],,,,tolerant,,corné [1],Pluvial
6,MAIS,Zea mays L.,5,ILOMAZ 2,,Improved population,,,"IITA & UNILORIN, NGA",2022,"UNILORIN, NGA",,,,,,,,,,,,,,,,,,,,,,,,115,,,,,,,,,,,,,,,,,193,,,,,,,,,,,,,,,,,,,12,,,,,,,,,,,,,,,7.4,,,,,,,,,,,,,,,,,,,8.75,,,,,,,,,,,"1. sensible aux ravageurs, 2. besoin en eau moyen",blanc [1],,,,,,900 - 1100,long [7],,,,tolerant,,denté [5],Pluvial
6,MAIS,Zea mays L.,6,OBA SUPER 15,,hybrid,,,"IITA & Premier Seeds, NGA",2022,"Premier Seeds,NGA",,,,,,,,,,,,,,,,,,,,,,,,110,,,,,,,,,,,,,,,,,190,,,,,,,,,,,,,,,,,,,16,,,,,,,,,,,,,,,9.3,,,,,,,,,,,,,,,,,,,9.86,,,,,,,,,,,"1. sensible aux ravageurs, 2. besoin en eau moyen",blanc [1],,,,,,900 - 1100,long [7],,,,tolerant,,corné [1],Pluvial
6,MAIS,Zea mays L.,7,OBA SUPER 17,,hybrid,,,"IITA & Premier Seeds, NGA",2022,"Premier Seeds, NGA",,,,,,,,,,,,,,,,,,,,,,,,100,,,,,,,,,,,,,,,,,195,,,,,,,,,,,,,,,,,,,76,,,,,,,,,,,,,,,9.7,,,,,,,,,,,,,,,,,,,9.62,,,,,,,,,,,sensible aux ravageurs,blanc [1],,,,,,900 - 1100,moyen [5],,,,tolerant,,corné-denté [3],pluvial
6,MAIS,Zea mays L.,8,SAMLAK 1608LY,,hybrid,,,IITA & SAMLAK NGA,2022,"SAMLAK,NGA",,,,,,,,,,,,,,,,,,,,,,,,115,,,,,,,,,,,,,,,,,207,,,,,,,,,,,,,,,,,,,36,,,,,,,,,,,,,,,10.51,,,,,,,,,,,,,,,,,,,9.82,,,,,,,,,,,sensible aux ravageurs,blanc [1],,,,,,900 - 1100,très long [9],,,,tolerant,,corné à corné-denté [2],pluvial
6,MAIS,Zea mays L.,9,SAMLAK 2609MW,,hybrid,,,IITA & SAMLAK NGA,2022,"SAMLAK,NGA",,,,,,,,,,,,,,,,,,,,,,,,84,,,,,,,,,,,,,,,,,194,,,,,,,,,,,,,,,,,,,20,,,,,,,,,,,,,,,10.95,,,,,,,,,,,,,,,,,,,10.2,,,,,,,,,,,"1. sensible aux ravageurs, 2. besoin en eau moyen",blanc [1],,,,,,900 - 1100,très long [9],,,,tolerant,,corné-denté à denté [4],pluvial
6,MAIS,Zea mays L.,10,SAMMAZ 64,,hybrid,,,"IAR, SAMARU, ZARIA",2022,"IAR, SAMARU, ZARIA",,,,,,,,,,,,,,,,,,,,,,,,120,,,,,,,,,,,,,,,,,170,,,,,,,,,,,,,,,,,,,52,,,,,,,,,,,,,,,8.2,,,,,,,,,,,,,,,,,,,12.25,,,,,,,,,,,sensible aux ravageurs,blanc [1],,,,,,700 - 900,moyen [5],,,,tolerant,,corné [1],pluvial
6,MAIS,Zea mays L.,11,SAMMAZ 65,,hybrid,,,"IAR, SAMARU, ZARIA",2022,"IAR, SAMARU, ZARIA",,,,,,,,,,,,,,,,,,,,,,,,120,,,,,,,,,,,,,,,,,170,,,,,,,,,,,,,,,,,,,70,,,,,,,,,,,,,,,8.7,,,,,,,,,,,,,,,,,,,8.75,,,,,,,,,,,"sensible aux ravageurs, tolérant striga",orange [5],,,,,,900 - 1100,moyen [5],,,,tolérant,,corné [1],pluvial
6,MAIS,Zea mays L.,12,SAMMAZ 66,,Improved population,,,"IITA & IAR, SAMARU, ZARIA, NGA",2022,"IAR, SAMARU, ZARIA",,,,,,,,,,,,,,,,,,,,,,,,120,,,,,,,,,,,,,,,,,100,,,,,,,,,,,,,,,,,,,60,,,,,,,,,,,,,,,8.4,,,,,,,,,,,,,,,,,,,10.5,,,,,,,,,,,"sensible aux ravageurs, tolérant striga",blanc [1],,,,,,700 - 900,moyen [5],,,,tolérant,,corné à corné-denté [2],pluvial
6,MAIS,Zea mays L.,13,SAMMAZ 67,,hybrid,,,"IITA & IAR, SAMARU, ZARIA, NGA",2022,"IAR, SAMARU, ZARIA",,,,,,,,,,,,,,,,,,,,,,,,120,,,,,,,,,,,,,,,,,199,,,,,,,,,,,,,,,,,,,70,,,,,,,,,,,,,,,9.7,,,,,,,,,,,,,,,,,,,10.5,,,,,,,,,,,"sensible aux ravageurs, tolérant striga",orange [5],,,,,,700 - 900,moyen [5],,,,tolerant,,corné [1],pluvial
6,MAIS,Zea mays L.,14,SAMMAZ 68 (DROUGHT TEGOWE8206),,hybrid,,,"BAYER, IAR, CIMMYT & AATF, NGA",2022,"IAR, SAMARU, ZARIA",,,,,,,,,,,,,,,,,,,,,,,,110,,,,,,,,,,,,,,,,,180,,,,,,,,,,,,,,,,,,,56,,,,,,,,,,,,,,,8.7,,,,,,,,,,,,,,,,,,,10.5,,,,,,,,,,,"sensible aux ravageurs, tolérant striga",jaune [3],,,,,,700 - 900,moyen [5],,,,tolerant,,corné-denté à denté [4],pluvial
6,MAIS,Zea mays L.,15,SEMAX 5,,hybrid,,,SemAfort,2021,SemAfort,,,,,,,,,,,,,,,,,,,,,,,,110,,,,,,,,,,,,,,,,,222,,,,,,,,,,,,,,,,,,,37,,,,,,,,,,,,,,,12.4,,,,,,,,,,,,,,,,,,,9.74,,,,,,,,,,,,jaune,,,,,,700 - 900,long [7],,,,moyenne,,corné [1],pluvial et
6,MAIS,Zea mays L.,16,VSL 2065,,hybrid,,,VALUE SEEDS LTD,2022,VALUE SEEDS LTD,,,,,,,,,,,,,,,,,,,,,,,,95,,,,,,,,,,,,,,,,,193,,,,,,,,,,,,,,,,,,,11,,,,,,,,,,,,,,,8.6,,,,,,,,,,,,,,,,,,,9.96,,,,,,,,,,,sensible aux ravageurs,blanc [1],,,,,,900 - 1100,moyen [5],,,,tolerant,,corné à corné-denté [2],pluvial
6,MAIS,Zea mays L.,17,VSL 2101,,hybrid,,,VALUE SEEDS LTD,2022,VALUE SEEDS LTD,,,,,,,,,,,,,,,,,,,,,,,,120,,,,,,,,,,,,,,,,,180,,,,,,,,,,,,,,,,,,,11,,,,,,,,,,,,,,,8.1,,,,,,,,,,,,,,,,,,,9.96,,,,,,,,,,,sensible aux ravageurs,blanc [1],,,,,,900 - 1100,long [7],,,,tolerant,,corné-denté à denté [4],pluvial
6,MAIS,Zea mays L.,18,VSL 2102,,hybrid,,,VALUE SEEDS LTD,2022,VALUE SEEDS LTD,,,,,,,,,,,,,,,,,,,,,,,,120,,,,,,,,,,,,,,,,,180,,,,,,,,,,,,,,,,,,,10,,,,,,,,,,,,,,,8.2,,,,,,,,,,,,,,,,,,,9.96,,,,,,,,,,,sensible aux ravageurs,jaune orangé [4],,,,,,500 - 700,long [7],,,,tolerant,,corné-denté [3],pluvial
6,MAIS,Zea mays L.,19,WAC 42PVEE,,hybrid,,,IITA & WACOT SEED LTD,2022,WACOT SEED LTD,,,,,,,,,,,,,,,,,,,,,,,,78,,,,,,,,,,,,,,,,,150,,,,,,,,,,,,,,,,,,,45,,,,,,,,,,,,,,,6.2,,,,,,,,,,,,,,,,,,,9.93,,,,,,,,,,,sensible aux ravageurs,orange [5],,,,,,900 - 1100,moyen [5],,,,tolerant,,corné [1],pluvial
6,MAIS,Zea mays L.,20,WAC14M5,,hybrid,,,"IITA & WACOT SEED LTD, NGA",2022,WACOT SEED LTD,,,,,,,,,,,,,,,,,,,,,,,,85,,,,,,,,,,,,,,,,,169,,,,,,,,,,,,,,,,,,,60,,,,,,,,,,,,,,,10.1,,,,,,,,,,,,,,,,,,,9.8,,,,,,,,,,,sensible aux ravageurs,blanc [1],,,,,,900 - 1100,long [7],,,,tolerant,,corné-denté [3],pluvial
6,MAIS,Zea mays L.,21,WAC55E,,hybrid,,,WACOT SEED LTD,2022,WACOT SEED LTD,,,,,,,,,,,,,,,,,,,,,,,,80,,,,,,,,,,,,,,,,,157,,,,,,,,,,,,,,,,,,,72,,,,,,,,,,,,,,,7.44,,,,,,,,,,,,,,,,,,,9.82,,,,,,,,,,,sensible aux ravageurs,jaune [3],,,,,,900 - 1100,moyen [5],,,,tolerant,,corné-denté à denté [4],pluvial
6,MAIS,Zea mays L.,22,WAC58PVEE,,hybrid,,,"IITA & WACOT SEED LTD, NGA",2022,"WACOT SEED LTD, NGA",,,,,,,,,,,,,,,,,,,,,,,,82,,,,,,,,,,,,,,,,,72,,,,,,,,,,,,,,,,,,,40,,,,,,,,,,,,,,,6.7,,,,,,,,,,,,,,,,,,,9.49,,,,,,,,,,,sensible aux ravageurs,orange [5],,,,,,900 - 1100,moyen [5],,,,tolerant,,corné [1],pluvial
6,MAIS,Zea mays L.,23,WACQH6,,hybrid,,,"IITA & WACOT SEED LTD, NGA",2022,WACOT SEED LTD,,,,,,,,,,,,,,,,,,,,,,,,78,,,,,,,,,,,,,,,,,158,,,,,,,,,,,,,,,,,,,45,,,,,,,,,,,,,,,7.42,,,,,,,,,,,,,,,,,,,9.52,,,,,,,,,,,sensible aux ravageurs,jaune orangé [4],,,,,,900 - 1100,moyen [5],,,,tolerant,,corné [1],pluvial
6,MAIS,Zea mays L.,24,CRI-Nkomo,,Hybrid,,,CRI GHANA - Allen Oppong,2019,CSIR-CRI,,,,,,,,,,,,,,,,,,,,,,,,51-54,,,,,,,,,,,,,,,,,179,,,,,,,,,,,,,,,,,,,,,,,,,,,,,,,,,,6.5,,,,,,,,,,,,,,,,,,,0.1375,,,,,,,,,,,Pendant; Days to 50% pollination: 51; Days to 50% silking: 54; Tassel colour: Cream;Silk colour: Pink; Stem colour: Green; Kernel row arrangement: Regular;,White,,,,,,1100 - 1900,Ear height: 98cm;,,,,moderately resistant to drought,,Semi-dent,Major and minor Seasons
6,MAIS,Zea mays L.,25,CRI-Akomapa,,Hybrid,,,CRI GHANA Allen Oppong,2019,CSIR-CRI,,,,,,,,,,,,,,,,,,,,,,,,51-53,,,,,,,,,,,,,,,,,180,,,,,,,,,,,,,,,,,,,,,,,,,,,,,,,,,,7,,,,,,,,,,,,,,,,,,,12.88,,,,,,,,,,,Type of variety: Single cross hybrid; Leaf Orientation: Pendant; Ear height: 101cm; Silk colour: Pink; Tassel colour: Cream; Stem colour: Green; Kernel row arrangement: Regular,White,,,,,,1100 - 1900,,,,,Moderately resistant to drought,,Semi-dent,Major and minor Seasons
6,MAIS,Zea mays L.,26,CRI-PAIRED,,Hybrid,,,CRI GHANA- Priscilla F. Ribeiro,2021,CSIR-CRI,,,,,,,,,,,,,,,,,,,,,,,,50-53,,,,,,,,,,,,,,,,,170,,,,,,,,,,,,,,,,,,,,,,,,,,,,,,,,,,6.1,,,,,,,,,,,,,,,,,,,9.7,,,,,,,,,,,"Single cross hybrid;Striga tolerant, Pro-Vitamin A, (7.0µg/g); Leaf orientation: Pendant; Days to 50% pollination: 50; Days to 50% silking: 53; Ear height: 72cm; Tassel colour: Cream;Silk colour: deep purple; Stem colour: Green; Kernel row arrangement: Regular;",Orange,,,,,,1100-1900,,,,,Moderately,,Flint,Major and minor Seasons
6,MAIS,Zea mays L.,27,CRI-Obengantwi,,Hybrid,,,CRI GHANA - Priscilla F. Ribeiro,2021,CSIR-CRI,,,,,,,,,,,,,,,,,,,,,,,,45-50,,,,,,,,,,,,,,,,,169,,,,,,,,,,,,,,,,,,,,,,,,,,,,,,,,,,5.5,,,,,,,,,,,,,,,,,,,14.2,,,,,,,,,,,Single cross hybrid; Leaf orientation: Pendant; Days to 50% pollination: 45; Days to 50% silking: 50; Ear height: 69cm; Tassel colour: Cream;Silk colour: cream with purple ends; Stem colour: Green; Kernel row arrangement: Regular;,Yellow,,,,,,1100-1900,,,,,Tolerant,,Flint,Major and minor Seasons
6,MAIS,Zea mays L.,28,CRI-Harvestplus,,Hybrid,,,CRI GHANA - Manfred B. Ewool,2021,CSIR-CRI,,,,,,,,,,,,,,,,,,,,,,,,51-55,,,,,,,,,,,,,,,,,202,,,,,,,,,,,,,,,,,,,,,,,,,,,,,,,,,,6.7,,,,,,,,,,,,,,,,,,,11,,,,,,,,,,,"Three-way hybrid; Leaf orientation: Pro- vitaminA ( 13.2µg/g); Pendant;Days to 50% pollination: 51; Days to 50% silking: 55; Ear height: 88cm, Tassel colour: Cream;Silk colour: cream with purple shades; Stem colour: Green; Kernel row arrangement: Regular",Orange,,,,,,1100-1900,,,,,Moderately,,Flint,Major and minor Seasons
6,MAIS,Zea mays L.,29,CRI-EWOOL,,Hybrid,,,CRI GHANA Manfred B. Ewool,2021,CSIR-CRI,,,,,,,,,,,,,,,,,,,,,,,,51-55,,,,,,,,,,,,,,,,,197,,,,,,,,,,,,,,,,,,,,,,,,,,,,,,,,,,6.7,,,,,,,,,,,,,,,,,,,10.5,,,,,,,,,,,"Three-way hybrid; Leaf orientation: Pro- vitaminA ( 14.2µg/g); Pendant;Days to 50% pollination: 51; Days to 50% silking: 55; Ear height: 84cm, Tassel colour: cream; Silk colour: cream with purple shades; Stem colour: Green; Kernel row arrangement: Regular",Orange,,,,,,1100-1900,,,,,Moderately,,Flint,Major and minor Seasons
6,MAIS,Zea mays L.,30,CRI- ZMS666A,,Hybrid,,,CRI GHANA - Manfred B. Ewool,2021,CSIR-CRI,,,,,,,,,,,,,,,,,,,,,,,,51-55,,,,,,,,,,,,,,,,,199,,,,,,,,,,,,,,,,,,,,,,,,,,,,,,,,,,8.1,,,,,,,,,,,,,,,,,,,10.9,,,,,,,,,,,"Three-way hybrid; Leaf orientation: Pro- vitaminA ( 13.2µg/g); Pendant;Days to 50% pollination: 51; Days to 50% silking: 55; Ear height: 90cm, Tassel colour: cream; Silk colour: cream with purple shades; Stem colour: Green; Kernel row arrangement: Regular",Orange,,,,,,1100-1900,,,,,Moderately,,Flint,Major and minor Seasons
7,MANIOC,Manihot esculenta Crantz,1,UMUCASS 52 (HEADMASTE R),,,"IITA & NRCRI, NGA",,,2022,"NRCRI, NGA",,high,,teneur modérée en amidon,,,Jaune,,,,,,,,,,,12 months,,,,,,,,,,,,,,,,,,,,600,,,,,,,,,,,>= 1100,,,,,Hybride clonal,,,,,,,,,,,,,,,,51.6,,,,,,,,,,,,,Sensible,,,,,,,,,Faible,,,,Sensible,,,,,,food,,,,,,,,,,,,,,,,,,
7,MANIOC,Manihot esculenta Crantz,2,UMUCASS 53 (SECURITY),,,IITA & NRCRI NGA,,,2022,"NRCRI, NGA",,high,,Riche en amidon,,,Jaune,,,,,,,,,,,12 months,,,,,,,,,,,,,,,,,,,,550,,,,,,,,,,,>= 1100,,,,,Hybride clonal,,,,,,,,,,,,,,,,51.6,,,,,,,,,,,,,Résistante,,,,,,,,,Faible,,,,,,,,,,food,,,,,,,,,,,,,,,,,,
7,MANIOC,Manihot esculenta Crantz,3,UMUCASS 54 (NO-HUNGER),,,IITA & NRCRI NGA,,,2022,"NRCRI, NGA",,high,,teneur modérée en amidon,,,Jaune,,,,,,,,,,,12 months,,,,,,,,,,,,,,,,,,,,580,,,,,,,,,,,>= 1100,,,,,Hybride clonal,,,,,,,,,,,,,,,,45.8,,,,,,,,,,,,,Sensible aux ravageurs,,,,,,,,,Faible,,,,Sensible,,,,,,food,,,,,,,,,,,,,,,,,,
8,MIL pénicillaire,Pennisetum glaucum (L.,1,DBS5,OPV,,ITRAD/TCD,,,,ITRAD,,,,Tolérance modérée à la verse,,,,,,,,,,,,,,,,,ND,,,,,,,,,,,,,,,,,,,,,300,,,,,,,900 -1100,,Long,,,,,,,,,,,10,,,,,,,,,,,,,,,3,,,,,,Sensible,,,,,,,,,,,,,,,,,,,,,,,,,,,,,,,,,,,,,
9,NIÉBÉ,Vigna unguiculata (L.,1,CZ16-3-71,Lignée,,IER/MLI,,,,IER/MLI,,,,,,,,,,,,,blanc,,,,,,,,,70,,,,,,,,,,,,,,,,,,,,,,,,,,,600-1000,,,,,,,,,,18,,,,,,,erigé,,,,,,1.8,,,,,,2.2,,,,,tolerant,,,,indifférente,,,,,,,,,,,,,,,,,,,,,,,,,,,,,,,,,
9,NIÉBÉ,Vigna unguiculata (L.,2,CZ16-1-1-147,Lignée,,IER/MLI,,,2022,IER/MLI,,,,,,,,,,,,,blanc,,,,,,,,,70,,,,,,,,,,,,,,,,,,,,,,,,,,,600-1000,,,,,,,,,,19,,,,,,,semi erigé,,,,,,1.5,,,,,,2.5,,tolérant,,,tolerant,,tolerant,,indifférente,,,,,,,,,,,,,,,,,,,,,,,,,,,,,,,,,
9,NIÉBÉ,Vigna unguiculata (L.,3,CZ16-6-56,Lignée,,IER/MLI,,,2022,IER/MLI,,,,,,,,,,,,,blanc,,,,,,,,,65,,,,,,,,,,,,,,,,,,,,,,,,,,,600-1000,,,,,,,,,,18,,,,,,,erigé,,,,,,1.5,,,,,,2.7,,tolérant,,,tolerant,,tolerant,,indifférente,,,,,,,,,,,,,,,,,,,,,,,,,,,,,,,,,
9,NIÉBÉ,Vigna unguiculata (L.,4,CZ16-4-2-3,Lignée,,IER/MLI,,,2022,IER/MLI,,,,,,,,,,,,,blanc,,,,,,,,,65,,,,,,,,,,,,,,,,,,,,,,,,,,,600-1000,,,,,,,,,,16,,,,,,,semi erigé,,,,,,1.8,,,,,,3,,tolérant,,,tolerant,,tolerant,,indifférente,,,,,,,,,,,,,,,,,,,,,,,,,,,,,,,,,
9,NIÉBÉ,Vigna unguiculata (L.,5,CZ16-2-2-8,Lignée,,IER/MLI,,,2022,IER/MLI,,,,,,,,,,,,,blanc,,,,,,,,,75,,,,,,,,,,,,,,,,,,,,,,,,,,,600-1000,,,,,,,,,,18,,,,,,,semi erigé,,,,,,1.8,,,,,,2.5,,tolérant,,,tolerant,,tolerant,,indifférente,,,,,,,,,,,,,,,,,,,,,,,,,,,,,,,,,
9,NIÉBÉ,Vigna unguiculata (L.,6,CZ16-2-2-23,Lignée,,IER/MLI,,,2022,IER/MLI,,,,,,,,,,,,,blanc,,,,,,,,,75,,,,,,,,,,,,,,,,,,,,,,,,,,,600-1000,,,,,,,,,,19,,,,,,,semi erigé,,,,,,"2,3",,,,,,3,,tolérant,,,tolerant,,tolerant,,indifférente,,,,,,,,,,,,,,,,,,,,,,,,,,,,,,,,,
9,NIÉBÉ,Vigna unguiculata (L.,7,KT2-23-5,Lignée,,IER/MLI,,,2022,IER/MLI,,,,,,,,,,,,,blanc,,,,,,,,,80,,,,,,,,,,,,,,,,,,,,,,,,,,,600-1000,,,,,,,,,,18,,,,,,,semi erigé,,,,,,"2,2",,,,,,2.3,,tolérant,,,tolerant,,tolerant,,indifférente,,,,,,,,,,,,,,,,,,,,,,,,,,,,,,,,,
9,NIÉBÉ,Vigna unguiculata (L.,8,KT1-44-8,Lignée,,IER/MLI,,,2022,IER/MLI,,,,,,,,,,,,,blanc,,,,,,,,,75,,,,,,,,,,,,,,,,,,,,,,,,,,,600-1000,,,,,,,,,,18,,,,,,,semi erigé,,,,,,"1,8",,,,,,2,,tolérant,,,tolerant,,tolerant,,indifférente,,,,,,,,,,,,,,,,,,,,,,,,,,,,,,,,,
9,NIÉBÉ,Vigna unguiculata (L.,9,ARTPEA-204B (Modupe),Lignée,,IAR&T Nigeria,,,2022,"IAR&T, NGA",,,,,,,,,,,,,brown,,,,,,,,,72,,,,,,,,,,,,,,,,,,,,,,,,,,,1000- 1800,,,,,,,,,,17,,,,,,,speading,,,,,,2,,,,,,4.5,,tolérant,,,Sensible,,tolerant,,indifférente,,,,,,,,,,,,,,,,,,,,,,,,,,,,,,,,,
9,NIÉBÉ,Vigna unguiculata (L.,10,ARTPEA/BBT/2 2/W (BOLUYO),Lignée,,IAR&T Nigeria,,,2022,"IAR&T, NGA",,,,,,,,,,,,,white,,,,,,,,,65,,,,,,,,,,,,,,,,,,,,,,,,,,,1000-1800,,,,,,,,,,15,,,,,,,erect,,,,,,1,,,,,,4,,tolerant,,,Sensible,,tolerant,,insensitive,,,,,,,,,,,,,,,,,,,,,,,,,,,,,,,,,
9,NIÉBÉ,Vigna unguiculata (L.,11,ARTPEA/BBT/7 2/B,Lignée,,IAR&T Nigeria,,,2022,"IAR&T, NGA",,,,,,,,,,,,,brown,,,,,,,,,75,,,,,,,,,,,,,,,,,,,,,,,,,,,1000-1800,,,,,,,,,,15,,,,,,,erect,,,,,,1,,,,,,4.2,,tolerant,,,Sensible,,tolerant,,indifférente,,,,,,,,,,,,,,,,,,,,,,,,,,,,,,,,,
9,NIÉBÉ,Vigna unguiculata (L.,12,FUAMPEA 3,Lignée,,FUAM Nigeria,,,2022,"FUAM, NGA",,,,,,,,,,,,,brown,,,,,,,,,80,,,,,,,,,,,,,,,,,,,,,,,,,,,800-1000,,,,,,,,,,28,,,,,,,Semi-erect,,,,,,2.6,,,,,,3.5,,resistant,,,Sensible,,tolerant,,aphotique,,,,,,,,,,,,,,,,,,,,,,,,,,,,,,,,,
9,NIÉBÉ,Vigna unguiculata (L.,13,FUAMPEA 4,Lignée,,FUAM Nigeria,,,2022,"FUAM, NGA",,,,,,,,,,,,,browm,,,,,,,,,85,,,,,,,,,,,,,,,,,,,,,,,,,,,800-1000,,,,,,,,,,30,,,,,,,Semi-erect,,,,,,2.4,,,,,,4,,resistant,,,Sensible,,tolerant,,sensitive,,,,,,,,,,,,,,,,,,,,,,,,,,,,,,,,,
9,NIÉBÉ,Vigna unguiculata (L.,14,SAMPEA 21,Lignée,,IITA & IAR Nigeria,,,2022,"IAR IAR, SAMARU,",,,,,,,,,,,,,white,,,,,,,,,30,,,,,,,,,,,,,,,,,,,,,,,,,,,600-1000,,,,,,,,,,19,,,,,,,Semi-erect,,,,,,2,,,,,,3.1,,resistant,,,Sensible,,tolerant,,indifférente,,,,,,,,,,,,,,,,,,,,,,,,,,,,,,,,,
10,OIGNON,Allium cepa,1,TATA JABA,Lignée,,IER/MLI,,,2022,IER/MLI,,Bonne,,,,,,,,Brune foncée,,,,,,90,,,,,,,,,,,,,,,,Echalotte,,,,,,,,,,,,,,,,,800-1200,,,,,,,,,,,,,,,98,,,,,,,,,,,,,32,,,,,,Tolérante,,,,,Moyen,,,Faible,,,,,,,,,,Irriguée,,,,,,,,,,,,,,,,,,,
10,OIGNON,Allium cepa,2,DAOU JABA,Lignée,,IER/MLI,,,2022,IER/MLI,,Bonne,,,,,,,,Brune,,,,,,90,,,,,,,,,,,,,,,,Echalotte,,,,,,,,,,,,,,,,,800-1200,,,,,,,,,,,,,,,100,,,,,,,,,,,,,36,,,,,,Tolérante,,,,,Moyen,,,Nulle ou très faible,,,,,,,,,,Irriguée,,,,,,,,,,,,,,,,,,,
10,OIGNON,Allium cepa,3,SABOULA JABA,Lignée,,IER/MLI,,,2022,IER/MLI,,Bonne,,,,,,,,Brune,,,,,,95,,,,,,,,,,,,,,,,Echalotte,,,,,,,,,,,,,,,,,800-1200,,,,,,,,,,,,,,,115,,,,,,,,,,,,,38,,,,,,Tolérante,,,,,Petit,,,Nulle ou très faible,,,,,,,,,,Irriguée,,,,,,,,,,,,,,,,,,,
10,OIGNON,Allium cepa,4,ESPAGNE JABA,Lignée,,IER/MLI,,,2022,IER/MLI,,Bonne,,,,,,,,Brune,,,,,,95,,,,,,,,,,,,,,,,Echalotte,,,,,,,,,,,,,,,,,800-1200,,,,,,,,,,,,,,,72,,,,,,,,,,,,,35,,,,,,Sensible,,,,,Petit,,,Forte,,,,,,,,,,Irriguée,,,,,,,,,,,,,,,,,,,
10,OIGNON,Allium cepa,5,SAFIATOU JABA,Lignée,,IER/MLI,,,2022,IER/MLI,,Bonne,,,,,,,,Blanche,,,,,,95,,,,,,,,,,,,,,,,Echalotte,,,,,,,,,,,,,,,,,800-1200,,,,,,,,,,,,,,,139,,,,,,,,,,,,,39,,,,,,Tolérante,,,,,Petit,,,Faible,,,,,,,,,,Irriguée,,,,,,,,,,,,,,,,,,,
10,OIGNON,Allium cepa,6,KADA GAW BLANC,Lignée,,IER/MLI,,,2023,IER/MLI,,Bonne,,,,,,,,Blanche,,,,,,95,,,,,,,,,,,,,,,,Echalotte,,,,,,,,,,,,,,,,,800-1200,,,,,,,,,,,,,,,130,,,,,,,,,,,,,38,,,,,,Tolérante,,,,,Moyen,,,Moyenne,,,,,,,,,,Irriguée,,,,,,,,,,,,,,,,,,,
10,OIGNON,Allium cepa,7,KADA GAW ROUGE,Lignée,,IER/MLI,,,2023,IER/MLI,,Bonne,,,,,,,,Rouge,,,,,,95,,,,,,,,,,,,,,,,Echalotte,,,,,,,,,,,,,,,,,800-1200,,,,,,,,,,,,,,,120,,,,,,,,,,,,,39,,,,,,Tolérante,,,,,Moyen,,,Moyenne,,,,,,,,,,Irriguée,,,,,,,,,,,,,,,,,,,
11,PATATE DOUCE,Ipomoea batatas (L.,1,Tiebélé-2,,Hybride clonale,INERA / Burkina Faso,,,2014,INERA / Burkina Faso,,,,Teneur en beta-carotène élevée ; taux de matière sèche 25%,,,Orange,Jaune pâle,,,,,,,,,105,,,,,,,,,,,,,,,,,,Elliptique,,,,,,,,,,,,,,700-1200,,,,,,,,,,,,,,,,,,,,,,,,,,,,20,,,,,,,Sensible,Modérée,,,,,,,,,,,,,,,étalée,,,,,,,,,,,,,,,,,,,,
11,PATATE DOUCE,Ipomoea batatas (L.,2,Bagré,,Hybride clonale,INERA / Burkina Faso,,,2014,INERA / Burkina Faso,,,,Teneur en beta-carotene elevee ; taux de matiere seche 27%,,,Orange,Rouge,,,,,,,,,120,,,,,,,,,,,,,,,,,,Elliptique,,,,,,,,,,,,,,700-1200,,,,,,,,,,,,,,,,,,,,,,,,,,,,27,,,,,,,Résistance modérée,Modérée,,,,,,,,,,,,,,,étalée,,,,,,,,,,,,,,,,,,,,
11,PATATE DOUCE,Ipomoea batatas (L.,3,Heerè,,Hybride clonale,INERA / Burkina Faso,,,2019,INERA / Burkina Faso,,,,29% de matière sèche,,,Orange,Orange pâle,,,,,,,,,105,,,,,,,,,,,,,,,,,,Ovale,,,,,,,,,,,,,,700-1200,,,,,,,,,,,,,,,,,,,,,,,,,,,,25,,,,,,,Resistant,Modérée,,,,,,,,,,,,,,,demi-dressé,,,,,,,,,,,,,,,,,,,,
11,PATATE DOUCE,Ipomoea batatas (L.,4,Nooma,,Hybride clonale,INERA / Burkina Faso,,,2019,INERA / Burkina Faso,,,,"29% de matière sèche, resistance modérée aux charançons",,,Orange,Orange pâle,,,,,,,,,105,,,,,,,,,,,,,,,,,,Oblongue,,,,,,,,,,,,,,700-1200,,,,,,,,,,,,,,,,,,,,,,,,,,,,20,,,,,,,Resistant,Modérée,,,,,,,,,,,,,,,demi-dressé,,,,,,,,,,,,,,,,,,,,
11,PATATE DOUCE,Ipomoea batatas (L.,5,Songré,,Hybride clonale,INERA / Burkina Faso,,,2019,INERA / Burkina Faso,,,,"29% de matière sèche, resistance modérée aux charançons",,,Orange,Rose,,,,,,,,,105,,,,,,,,,,,,,,,,,,Oblongue,,,,,,,,,,,,,,700-1200,,,,,,,,,,,,,,,,,,,,,,,,,,,,20,,,,,,,Résistance modérée,Modérée,,,,,,,,,,,,,,,demi-dressé,,,,,,,,,,,,,,,,,,,,
11,PATATE DOUCE,Ipomoea batatas (L.,6,SARI-Nyoriberi- gu,,Population améliorée,CSIR-SARI,,,2022,CSIR-SARI,,,,"36,5% de matière sèche, résistant aux charançons,",,,Orange,orange brunâtre,,,,,,,,,120,,,,,,,,,,,,,,,,,,Oblongue,,,,,,,,,,,,,,900 - 1100,,,,,,,,,,,,,,,,,,,,,,,,,,,,24,,,,,,,Tolerant,Tolerant to drought,,,,,,,,,,,,,,,demi-dressé,,,,,,,,,,,,,,,,,,,,
11,PATATE DOUCE,Ipomoea batatas (L.,7,SARI-JanLow,,Population améliorée,CSIR-SARI,,,2023,CSIR-SARI,,,,"31% de matière sèche, résistant aux charançons,",,,Orange,orange brunâtre,,,,,,,,,120,,,,,,,,,,,,,,,,,,Oblongue,,,,,,,,,,,,,,900 - 1100,,,,,,,,,,,,,,,,,,,,,,,,,,,,25,,,,,,,Moderately tolerant,moderate,,,,,,,,,,,,,,,étalée,,,,,,,,,,,,,,,,,,,,
11,PATATE DOUCE,Ipomoea batatas (L.,8,BEAREGARD,,Lignée,NARI/GMB,,,2022,NARI/GMB,,,,"Early Maturing ,High β- carotene content",,,orange,Intermediat e pink,,,,,,,,,70 – 100 days,,,,,,,,,,,,,,,,,,Round elliptic,,,,,,,,,,,,,,700-1000,,,,,,,,,,,,,,,,,,,,,,,,,,,,62.3,,,,,,,susceptable,not tolerant to draught,,,,,,,,,,,,,,,semi-erect,,,,,,,,,,,,,,,,,,,,
11,PATATE DOUCE,Ipomoea batatas (L.,9,CRI-BOHYE,,Lignée,NARI/GMB,,,2022,NARI/GMB,,,,"High β-carotene content,",,,light orange,light orange,,,,,,,,,90 – 120 days,,,,,,,,,,,,,,,,,,Ovale,,,,,,,,,,,,,,700-1000,,,,,,,,,,,,,,,,,,,,,,,,,,,,42.1,,,,,,,tolarant,Tolerant to drought,,,,,,,,,,,,,,,semi-erect,,,,,,,,,,,,,,,,,,,,
11,PATATE DOUCE,Ipomoea batatas (L.,10,KANDEE,,Lignée,NARI/GMB,,,2022,NARI/GMB,,,,"4.1 High β-carotene content ,,very short (≤ 3",,,Orange,Light- Orange,,,,,,,,,100-110 days,,,,,,,,,,,,,,,,,,Round elliptic,,,,,,,,,,,,,,700-1000,,,,,,,,,,,,,,,,,,,,,,,,,,,,64,,,,,,,moderately resistant,moderate,,,,,,,,,,,,,,,semi-erect,,,,,,,,,,,,,,,,,,,,
12,POMME DE TERRE,Solanum tuberosum L.,1,PAMELA,,,MANOMA- SA/NER,,,2022,Germicopa-SAS,,ND,,,,,,,Rouge,,,,,,,,Moyenne,,,,,,,,,,,,,,,,,,,Oblongue,,,,,,,,,,,,,≥400,,,,,Lignée,,,,,,,,,,,,,,ND,,,,,,,,30,,,,,,,Sensible,,,,,,,,,,,,,,,,,,Culture de saison sèche irriguée,,Pas de delitement à la cuisson,,,,,,,,,,,,,,,,,
12,POMME DE TERRE,Solanum tuberosum L.,2,ROSANNA,,,MANOMA- SA/NER,,,2022,Germicopa-SAS,,ND,,,,,,,Rouge,,,,,,,,Précoce,,,,,,,,,,,,,,,,,,,Oblongue,,,,,,,,,,,,,≥400,,,,,Lignée,,,,,,,,,,,,,,ND,,,,,,,,35,,,,,,,Sensible,,,,,,,,,,,,,,,,,,Culture de saison sèche irriguée,,Pas de delitement à la cuisson,,,,,,,,,,,,,,,,,
12,POMME DE TERRE,Solanum tuberosum L.,3,AFRICADIE,,,SINONIE- KOOBO/BFA,,,2021,SINONIE- KOOBO/BFA,,Faible,,,,,,,Beige clair,,,,,,,,Moyenne,,,,,,,,,,,,,,,,,,,Allongée,,,,,,,,,,,,,≥400,,,,,Lignée,,,,,,,,,,,,,,81.67,,,,,,,,20.74,,,,,,,Modérée,,,,,,,,,,,,,,,,,,Culture de saison sèche irriguée,,Bonne pour friture,,,,,,,,,,,,,,,,,
12,POMME DE TERRE,Solanum tuberosum L.,4,BURCADIE,,,SINONIE- KOOBO/BFA,,,2021,SINONIE- KOOBO/BFA,,Faible,,,,,,,Jaune,,,,,,,,Moyenne,,,,,,,,,,,,,,,,,,,Très allongée,,,,,,,,,,,,,≥400,,,,,Lignée,,,,,,,,,,,,,,44.68,,,,,,,,27.36,,,,,,,Modérée,,,,,,,,,,,,,,,,,,Culture de saison sèche irriguée,,Bonne pour friture,,,,,,,,,,,,,,,,,
12,POMME DE TERRE,Solanum tuberosum L.,5,CANADA-DORÉE,,,SINONIE- KOOBO/BFA,,,2021,SINONIE- KOOBO/BFA,,Faible,,,,,,,Beige clair,,,,,,,,Moyenne,,,,,,,,,,,,,,,,,,,Oblongue allongée,,,,,,,,,,,,,≥400,,,,,Lignée,,,,,,,,,,,,,,82.86,,,,,,,,21.36,,,,,,,Modérée,,,,,,,,,,,,,,,,,,Culture de saison sèche irriguée,,Ragout et purée,,,,,,,,,,,,,,,,,
12,POMME DE TERRE,Solanum tuberosum L.,6,CHIEFTAIN,,,SINONIE- KOOBO/BFA,,,2021,SINONIE- KOOBO/BFA,,Faible,,,,,,,Rouge,,,,,,,,Moyenne,,,,,,,,,,,,,,,,,,,Oblongue,,,,,,,,,,,,,≥400,,,,,Lignée,,,,,,,,,,,,,,68.87,,,,,,,,37.92,,,,,,,Modérée,,,,,,,,,,,,,,,,,,Culture de saison sèche irriguée,,Ragout et purée,,,,,,,,,,,,,,,,,
12,POMME DE TERRE,Solanum tuberosum L.,7,KENNEBEC,,,SINONIE- KOOBO/BFA,,,2021,SINONIE- KOOBO/BFA,,Faible,,,,,,,Beige clair,,,,,,,,Moyenne,,,,,,,,,,,,,,,,,,,Oblongue,,,,,,,,,,,,,≥400,,,,,Lignée,,,,,,,,,,,,,,71.91,,,,,,,,26.24,,,,,,,Modérée,,,,,,,,,,,,,,,,,,Culture de saison sèche irriguée,,Ragout et purée,,,,,,,,,,,,,,,,,
12,POMME DE TERRE,Solanum tuberosum L.,8,SOLEIL,,,SINONIE- KOOBO/BFA,,,2021,SINONIE- KOOBO/BFA,,Bonne,,,,,,,Beige clair,,,,,,,,Moyenne,,,,,,,,,,,,,,,,,,,Oblongue courte,,,,,,,,,,,,,≥400,,,,,Lignée,,,,,,,,,,,,,,71.74,,,,,,,,24.06,,,,,,,Modérée,,,,,,,,,,,,,,,,,,Culture de saison sèche irriguée,,Ragout et purée,,,,,,,,,,,,,,,,,
13,RIZ,Oryza sativa L.,1,ARICA-IER 2,lignée pure,,,,,,IER/Africarice,,,absent ou faible,,,,,,,,,,brun,,,,,,,,140,,,,2022,,,,,,,,,,,,,,,128.5,,,,,,,,,800 - 1200,,,,,,,IER/Mali,,,,,,,30.69,,,,,,,,,,,,,6.5,,,,,,,oui,,,oui,,,,,,,,,,oui,,,,,bas fond,,,,,,,,,,,,,long,,,,,,
13,RIZ,Oryza sativa L.,2,ARICA-RP 1,lignée pure,,,,,,IER/Africarice,,,absent ou faible,,,,,,,,,,blanc,,,,,,,,90,,,,2022,,,,,,,,,,,,,,,108.33,,,,,,,,,800 - 1200,,,,,,,,,,,,,,29.46,,,,,,,,,,,,,4,,,,,,,oui,,,oui,,,,,,,,,,oui,,,,,plateau,,,,,,,,,,,,,long,,,,,,
13,RIZ,Oryza sativa L.,3,ARICA-RP 4,lignée pure,,,,,,IER/Africarice,,,absent ou faible,,,,,,,,,,blanc,,,,,,,,92,,,,2022,,,,,,,,,,,,,,,104.67,,,,,,,,,800 - 1200,,,,,,,IER/Mali,,,,,,,27.62,,,,,,,,,,,,,4.5,,,,,,,oui,,,oui,,,,,,,,,,oui,,,,,plateau,,,,,,,,,,,,,long,,,,,,
13,RIZ,Oryza sativa L.,4,ARICA-RP 5,lignée pure,,,,,,IER/Africarice,,,absent ou faible,,,,,,,,,,blanc,,,,,,,,92,,,,2022,,,,,,,,,,,,,,,99.67,,,,,,,,,800 - 1200,,,,,,,IER/Mali,,,,,,,25.82,,,,,,,,,,,,,4,,,,,,,oui,,,oui,,,,,,,,,,oui,,,,,plateau,,,,,,,,,,,,,long,,,,,,
13,RIZ,Oryza sativa L.,5,ARIZE 6444 GOLD,Hybride,,,,,,Bayer/Bayer,,,absent ou faible,,,,,,,,,,blanc,,,,,,,,115,,,,2022,,,,,,,,,,,,,,,110,,,,,,,,,"600-1,200",,,,,,,Bayer Nig Ltd,,,,,,,24.83,,,,,,,,,,,,,10,,,,,,,oui,,,moderate,,,,,,,,,,sensible,,,,,irrigué,,,,,,,,,,,,,très long,,,,,,
13,RIZ,Oryza sativa L.,6,ARIZE TEJ GOLD,Hybride,,,,,,Bayer/Bayer,,,absent ou faible,,,,,,,,,,blanc,,,,,,,,110,,,,2022,,,,,,,,,,,,,,,120,,,,,,,,,600-1200,,,,,,,Bayer Nig Ltd,,,,,,,24.83,,,,,,,,,,,,,9.7,,,,,,,oui,,,moderate,,,,,,,,,,sensible,,,,,irrigué,,,,,,,,,,,,,long à très long,,,,,,
13,RIZ,Oryza sativa L.,7,DKA-M8,lignée pure,,,,,,IER,,,absent ou faible,,,,,,,,,,brun foncé,,,,,,,,148,,,,2022,,,,,,,,,,,,,,,172.44,,,,,,,,,800 - 1200,,,,,,,IER/Mali,,,,,,,27.87,,,,,,,,,,,,,5,,,,,,,oui,,,oui,,,,,,,,,,oui,,,,,bas fond,,,,,,,,,,,,,moyen,,,,,,
13,RIZ,Oryza sativa L.,8,ISRIZ 16,lignée pure,,,,,,ISRA,,,absent ou faible,,,,,,,,,,blanc,,,,,,,,115,,,,2022,,,,,,,,,,,,,,,88,,,,,,,,,NA,,,,,,,ISRA/Sénégal,,,,,,,24,,,,,,,,,,,,,12,,,,,,,Tolérante à la pyriculariose,,,oui,,,,,,,,,,oui,,,,,irrigué,,,,,,,,,,,,,moyen,,,,,,
13,RIZ,Oryza sativa L.,9,ISRIZ 17,lignée pure,,,,,,ISRA,,,absent ou faible,,,,,,,,,,brun clair,,,,,,,,119,,,,2022,,,,,,,,,,,,,,,85,,,,,,,,,NA,,,,,,,ISRA/Sénégal,,,,,,,23.8,,,,,,,,,,,,,13,,,,,,,,,,oui,,,,,,,,,,oui,,,,,irrigué,,,,,,,,,,,,,courte,,,,,,
13,RIZ,Oryza sativa L.,10,ISRIZ-P01,lignée pure,,,,,,ISRA,,,absent ou faible,,,,,,,,,,blanc,,,,,,,,80,,,,2022,,,,,,,,,,,,,,,96,,,,,,,,,NA,,,,,,,ISRA/Sénégal,,,,,,,24,,,,,,,,,,,,,4.5,,,,,,,,,,oui,,,,,,,,,,oui,,,,,Plateau,,,,,,,,,,,,,courte,,,,,,
13,RIZ,Oryza sativa L.,11,ISRIZ-P02,lignée pure,,,,,,ISRA,,,absent ou faible,,,,,,,,,,brun foncé,,,,,,,,79,,,,2022,,,,,,,,,,,,,,,111,,,,,,,,,NA,,,,,,,ISRA/Sénégal,,,,,,,23.3,,,,,,,,,,,,,5,,,,,,,,,,oui,,,,,,,,,,oui,,,,,Plateau,,,,,,,,,,,,,moyen,,,,,,
13,RIZ,Oryza sativa L.,12,KAFACI 2,lignée pure,,,,,,IER/KAFACI,,,absent ou faible,,,,,,,,,,blanc,,,,,,,,134,,,,2022,,,,,,,,,,,,,,,99.67,,,,,,,,,800 - 1200,,,,,,,IER/Mali,,,,,,,24.75,,,,,,,,,,,,,6,,,,,,,oui,,,oui,,,,,,,,,,oui,,,,,bas fond,,,,,,,,,,,,,long,,,,,,
13,RIZ,Oryza sativa L.,13,KAFACI 3,lignée pure,,,,,,IER/KAFACI,,,absent ou faible,,,,,,,,,,blanc,,,,,,,,136,,,,2022,,,,,,,,,,,,,,,109.41,,,,,,,,,800 - 1200,,,,,,,IER/Mali,,,,,,,27.35,,,,,,,,,,,,,7,,,,,,,oui,,,oui,,,,,,,,,,oui,,,,,bas fond,,,,,,,,,,,,,long,,,,,,
13,RIZ,Oryza sativa L.,14,FENGYOU 360,Hybrid,,,,,,Winall-SARL/ SDR-Mali,,,absent ou faible,,,,,,,,,,blanc,,,,,,,,122,,,,2022,,,,,,,,,,,,,,,80,,,,,,,,,600 - 800,,,,,,,IER/Mali,,,,,,,23.9,,,,,,,,,,,,,9,,,,,,,oui,,,oui,,,,,,,,,,oui,,,,,irrigué,,,,,,,,,,,,,moyen,,,,,,
13,RIZ,Oryza sativa L.,15,WINALL 851,Hybrid,,,,,,Winall- SARL/SDR- Mali,,,absent ou faible,,,,,,,,,,blanc,,,,,,,,120,,,,2022,,,,,,,,,,,,,,,89,,,,,,,,,600 - 800,,,,,,,IER/Mali,,,,,,,21.82,,,,,,,,,,,,,9,,,,,,,oui,,,oui,,,,,,,,,,oui,,,,,irrigué,,,,,,,,,,,,,moyen,,,,,,
13,RIZ,Oryza sativa L.,16,GMB LS 123,Hybride,,,,,,HUANG ZHI,,,high aroma,,,,,,,,,,white,,,,,,,,125,,,,2022,,,,,,,,,,,,,,,120,,,,,,,,,NA,,,,,,,NARI/Gambia,,,,,,,29.7,,,,,,,,,,,,,11,,,,,,,oui,,,ND,,,,,,,,,,tolerance to drought and Iron toxicity,,,,,irrigated,,,,,,,,,,,,,6.5,,,,,,
13,RIZ,Oryza sativa L.,17,GMB LS 2021,Hybride,,,,,,HUANG ZHI,,,high aroma,,,,,,,,,,white,,,,,,,,122,,,,2022,,,,,,,,,,,,,,,124.7,,,,,,,,,NA,,,,,,,NARI/Gambia,,,,,,,29.7,,,,,,,,,,,,,11,,,,,,,oui,,,ND,,,,,,,,,,tolerance to drought and Iron toxicity,,,,,irrigated,,,,,,,,,,,,,6.6,,,,,,
14,SOJA,Glycine max (L.,1,NCRISOY 3,Lignée,,,,IITA & NCRI Nigeria,2022,NCRI Nigeria,,,,Toélrante à la bacériose et à la cercosporiose des feuilles,,,,,,,Jaune,,,,,,,,100,,,,,,,,,,,,,,,,,,,,,,,,,72,,,700 - 900,,,,,,,,,,,17,,,,,,,,,erect,,,,,,,3.3,,,,,,,,,,,,,,,,,,,,,39.2,,,,Déterminée,,,,,,,,,,,,,,,,,,,,,
14,SOJA,Glycine max (L.,2,NCRISOY 4,Lignée,,,,IITA & NCRI Nigeria,2022,NCRI Nigeria,,,,Sensible aux ravageurs,,,,,,,Jaune,,,,,,,,98,,,,,,,,,,,,,,,,,,,,,,,,,54,,,900 - 1100,,,,,,,,,,,13,,,,,,,,,erect,,,,,,,3.1,,,,,,,,,,,,,,,,,,,,,43.97,,,,Déterminée,,,,,,,,,,,,,,,,,,,,,
14,SOJA,Glycine max (L.,3,SC SIGNAL,Lignée,,,,Seed Co / Nigeria,2022,Seed Co West & Central Africa,,,,"Haut rendement, tolérance à la rouille, précocité et dégagement élevé des gousses. Huile - 28%",,,,,,,Hile jaune et brun foncé,,,,,,,,100,,,,,,,,,,,,,,,,,,,,,,,,,75,,,700 - 900,,,,,,,,,,,15.7,,,,,,,,,Dressé ou debout,,,,,,,3.3,,,,,,,,,,,,,,,,,,,,,43,,,,Indéterminée,,,,,,,,,,,,,,,,,,,,,
14,SOJA,Glycine max (L.,4,SC-SL01,Lignée,,,,Seed Co / Nigeria,2022,Seed Co West & Central Africa,,,,"Tolérance à la rouille, précocité, grande taille de graine et gousse élevée. Huile - 22.8%",,,,,,,Hile jaune et noir,,,,,,,,98,,,,,,,,,,,,,,,,,,,,,,,,,75,,,700 - 900,,,,,,,,,,,15,,,,,,,,,Dressé ou debout,,,,,,,3.1,,,,,,,,,,,,,,,,,,,,,47.8,,,,Indéterminée,,,,,,,,,,,,,,,,,,,,,
15,SORGHO,Sorghum bicolor L. Moench,1,Kolmon Rouge,OPV,,ITRAD/TCD,,,2022,ITRAD/TCD,,,,,indifférent à la verse,,,,,,,,brun rouge,,,,,,,,,,,,,dense,,,,,,,,moyenne,,,,,,300,,,,,,,,,700 - 900,,,,,,,,,,,,,,32,,,,,,,,,,,,,6,,,,,,,,,,,non sensible,,,,,,,,,,,,,,pluviale,,,,,,,,,,,,,,,,,,,
15,SORGHO,Sorghum bicolor L. Moench,2,JIGIFA,Hybride,,IER/MALI,,,2022,IER/Mali,,,,,sensible à l'anthracnose,,,,,,,,blanc,,,,,,,,120,,,,,moyenne,,,,,,,,pyramidale (très basse),,,,,,197,,,,,,,,,800 - 1000,,,,,,,,,,,,,,20,,,,,,,,,,,,,5.19,,,,,,,,,,,sensible,,,,,,,,,,,,,,pluviale,,,,,,,,,,,,,,,,,,,
15,SORGHO,Sorghum bicolor L. Moench,3,NAFANDI,Hybride,,IER/ICRISAT/ Mali,,,2022,IER/Mali,,,,,tolérant à l'anthracnose,,,,,,,,blanc,,,,,,,,115,,,,,faible,,,,,,,,pyramidale (très basse),,,,,,274,,,,,,,,,600 - 1000,,,,,,,,,,,,,,26,,,,,,,,,,,,,5.94,,,,,,,,,,,sensible,,,,,,,,,,,,,,pluviale,,,,,,,,,,,,,,,,,,,
15,SORGHO,Sorghum bicolor L. Moench,4,NANTOLI,Hybride,,IER/ICRISAT/ Mali,,,2022,IER/Mali,,,,,tolérant à l'anthracnose,,,,,,,,blanc,,,,,,,,122,,,,,moyenne,,,,,,,,pyramidale (très basse),,,,,,225,,,,,,,,,800 - 1000,,,,,,,,,,,,,,20,,,,,,,,,,,,,5.39,,,,,,,,,,,sensible,,,,,,,,,,,,,,pluviale,,,,,,,,,,,,,,,,,,,
15,SORGHO,Sorghum bicolor L. Moench,5,N’DAFOUTE,Hybride,,IER/ICRISAT/ Mali,,,2022,IER/Mali,,,,,tolérant à l'anthracnose,,,,,,,,blanc,,,,,,,,122,,,,,moyenne,,,,,,,,pyramidale (très basse),,,,,,199,,,,,,,,,800 - 1000,,,,,,,,,,,,,,20,,,,,,,,,,,,,4.75,,,,,,,,,,,sensible,,,,,,,,,,,,,,pluviale,,,,,,,,,,,,,,,,,,,
15,SORGHO,Sorghum bicolor L. Moench,6,SABOUGNOUMA,Hybride,,IER/Mali,,,2022,IER/Mali,,,,,tolérant au striga,,,,,,,,blanc,,,,,,,,115,,,,,moyenne,,,,,,,,pyramidale (très basse),,,,,,192,,,,,,,,,600 - 1000,,,,,,,,,,,,,,21,,,,,,,,,,,,,4,,,,,,,,,,,sensible,,,,,,,,,,,,,,pluviale,,,,,,,,,,,,,,,,,,,
15,SORGHO,Sorghum bicolor L. Moench,7,WASSANIO,Hybride,,IER/Mali,,,2022,IER/Mali,,,,,tolérant à l'anthracnose,,,,,,,,blanc,,,,,,,,120,,,,,faible,,,,,,,,pyramidale (très basse),,,,,,214,,,,,,,,,800 - 1000,,,,,,,,,,,,,,21,,,,,,,,,,,,,5.52,,,,,,,,,,,sensible,,,,,,,,,,,,,,pluviale,,,,,,,,,,,,,,,,,,,
15,SORGHO,Sorghum bicolor L. Moench,8,SAMOGOKE,lignée pure,,IER/Mali,,,2022,IER/Mali,,,,,résistant aux chenilles légionaires,,,,,,,,blanc,,,,,,,,120,,,,,faible,,,,,,,,pyramidale (très basse),,,,,,187,,,,,,,,,800 - 1000,,,,,,,,,,,,,,20,,,,,,,,,,,,,2.28,,,,,,,,,,,sensible,,,,,,,,,,,,,,pluviale,,,,,,,,,,,,,,,,,,,
15,SORGHO,Sorghum bicolor L. Moench,9,TOUNKO,lignée pure,,IER/Mali,,,2022,IER/Mali,,,,,résistant aux chenilles légionaires,,,,,,,,blanc,,,,,,,,122,,,,,faible,,,,,,,,pyramidale (très basse),,,,,,202,,,,,,,,,800 - 1000,,,,,,,,,,,,,,21,,,,,,,,,,,,,2.14,,,,,,,,,,,sensible,,,,,,,,,,,,,,pluviale,,,,,,,,,,,,,,,,,,,
15,SORGHO,Sorghum bicolor L. Moench,10,BERATO,lignée pure,,IER/Mali,,,2022,IER/Mali,,,,,résistant aux chenilles légionaires,,,,,,,,blanc,,,,,,,,118,,,,,faible,,,,,,,,pyramidale (très basse),,,,,,163,,,,,,,,,800 - 1000,,,,,,,,,,,,,,20,,,,,,,,,,,,,2.14,,,,,,,,,,,sensible,,,,,,,,,,,,,,pluviale,,,,,,,,,,,,,,,,,,,
15,SORGHO,Sorghum bicolor L. Moench,11,SANAWILY,lignée pure,,IER/Mali,,,2022,IER/Mali,,,,,résistant aux chenilles légionaires,,,,,,,,blanc,,,,,,,,110,,,,,moyenne,,,,,,,,pyramidale (très basse),,,,,,160,,,,,,,,,600 - 1000,,,,,,,,,,,,,,20,,,,,,,,,,,,,2.1,,,,,,,,,,,sensible,,,,,,,,,,,,,,pluviale,,,,,,,,,,,,,,,,,,,
15,SORGHO,Sorghum bicolor L. Moench,12,DJAMASSON,lignée pure,,ICRISAT/IER,,,2022,IER/Mali,,,,,résistant aux chenilles légionaires,,,,,,,,blanc,,,,,,,,116,,,,,moyenne,,,,,,,,pyramidale (très basse),,,,,,228,,,,,,,,,600 - 1000,,,,,,,,,,,,,,21,,,,,,,,,,,,,2.06,,,,,,,,,,,sensible,,,,,,,,,,,,,,pluviale,,,,,,,,,,,,,,,,,,,
15,SORGHO,Sorghum bicolor L. Moench,13,GUENDEFA,lignée pure,,ICRISAT/IER,,,2022,ICRISAT/IER,,,,,résistant aux chenilles légionaires,,,,,,,,blanc,,,,,,,,117,,,,,moyenne,,,,,,,,pyramidale (très basse),,,,,,215,,,,,,,,,600 - 1000,,,,,,,,,,,,,,20,,,,,,,,,,,,,2.2,,,,,,,,,,,sensible,,,,,,,,,,,,,,pluviale,,,,,,,,,,,,,,,,,,,
16,TOMATE,Solanum lycopersicum L,1,FOUGNAKA,lignée pure,,,,IER/Mali,2022,IER- WorldVEG,,,,,,ND,,,,,,rouge,,,,,,,,70,,,,,,,,courte,,,,,ferme,,,,,,,,,,,,,,,,400 - 1200,,,,,,,,,,,,,,,,67.96,,,,,,,,,,,,12,,,,,tolérant,,,,,,,moyenne,,,,,,,,,déterminé,,,pluviale,alimentaire,,,,,,,,,,,,,,,,,,
16,TOMATE,Solanum lycopersicum L,2,WATIBE,lignée pure,,,,IER/Mali,2022,IER- WorldVEG,,,,,,ND,,,,,,rouge,,,,,,,,70,,,,,,,,longue,,,,,ferme,,,,,,,,,,,,,,,,400 - 1200,,,,,,,,,,,,,,,,72.95,,,,,,,,,,,,10.93,,,,,tolérant,,,,,,,moyenne,,,,,,,,,déterminé,,,toute saison,alimentaire,,,,,,,,,,,,,,,,,,
16,TOMATE,Solanum lycopersicum L,3,CRI-Kwabena Kwabena,CRI-P005,,,,CRI,2021,CSIR-CRI,,,,,,"High brix (6.3 at 200C), High yield (20 t/ha), Tolerance to leaf blight, High shelf life (when fruits are harvested and stored at colour break)",,,,,,Red,,,,,,,,55-60,,,,,,,,long (26 at colour break),,,,,firm,,,,,,,,,,,,,,,,500,,,,,,,,,,,,,,,,85,,,,,,,,,,,,20,,,,,"Tolerance to whiteflies, Early and late blight",,,,,,,medium,,,,,,,,,semi determinate,,,Major and minor seasons of Forest and Transitional agroecologic al zones,for food and processing,,,,,,,,,,,,,,,,,,
16,TOMATE,Solanum lycopersicum L,4,KOPIA Tomato,CRI-P002,,,,CRI,2021,CSIR-CRI,,,,,,"High brix (6.6 at 200C), Tolerance to leaf blight (early and late), High shelf life (when fruits are harvested and stored at colour break)",,,,,,Red,,,,,,,,55,,,,,,,,average (18 days at colour brea,,,,,firm,,,,,,,,,,,,,,,,500,,,,,,,,,,,,,,,,90,,,,,,,,,,,,20,,,,,"Tolerance to whiteflies, Early and late blight",,,,,,,medium,,,,,,,,,Determinate,,,Major and minor seasons of Forest and Transitional agroecologic al zones,for food and processing,,,,,,,,,,,,,,,,,,
